City_ID,City,Country,Lat,Lng,Max Temp,Humidity,Cloudiness,Wind Speed,Current Description
0,Tera,NE,14.0078,0.7531,92.39,39,99,7.52,overcast clouds
1,Alice Springs,AU,-23.7,133.8833,35.15,75,0,0.0,clear sky
2,Jamestown,US,42.097,-79.2353,85.01,53,75,18.41,broken clouds
3,Honningsvag,NO,70.9821,25.9704,56.95,94,100,0.0,light rain
4,Teya,RU,60.3778,92.6267,51.55,95,48,2.89,scattered clouds
5,Murgab,TM,37.4966,61.9714,88.84,12,0,9.15,clear sky
6,Rikitea,PF,-23.1203,-134.9692,74.95,78,86,19.15,light rain
7,Cherskiy,RU,68.75,161.3,40.59,68,98,9.78,overcast clouds
8,Kirakira,SB,-10.4544,161.9205,79.2,84,94,2.75,overcast clouds
9,Beyla,GN,8.6833,-8.6333,68.83,95,61,2.75,light rain
10,Puerto Ayora,EC,-0.7393,-90.3518,72.55,85,73,5.99,broken clouds
11,Los Llanos De Aridane,ES,28.6585,-17.9182,69.55,83,20,17.27,few clouds
12,Goundam,ML,16.4145,-3.6708,93.83,38,21,8.32,few clouds
13,Kaitangata,NZ,-46.2817,169.8464,43.47,90,96,2.84,overcast clouds
14,Hanmer Springs,NZ,-42.5167,172.8167,36.16,89,100,2.17,overcast clouds
15,Hermanus,ZA,-34.4187,19.2345,53.67,75,100,0.96,overcast clouds
16,Hilo,US,19.7297,-155.09,80.28,95,75,5.75,heavy intensity rain
17,Aklavik,CA,68.2191,-135.0107,65.97,57,28,7.92,scattered clouds
18,Mar Del Plata,AR,-38.0023,-57.5575,56.08,53,99,14.0,overcast clouds
19,Bekasi,ID,-6.2349,106.9896,82.49,73,100,2.77,overcast clouds
20,Youhao,CN,47.8667,128.8333,60.94,98,41,1.57,scattered clouds
21,Harnosand,SE,62.6323,17.9379,66.2,92,100,12.15,overcast clouds
22,Luderitz,NA,-26.6481,15.1594,66.51,45,0,5.99,clear sky
23,Ribeira Grande,PT,38.5167,-28.7,77.4,78,20,8.05,few clouds
24,Cabo San Lucas,MX,22.8909,-109.9124,98.19,41,0,12.66,clear sky
25,Ushuaia,AR,-54.8,-68.3,31.66,86,40,17.27,shower snow
26,Albany,US,42.6001,-73.9662,96.17,43,14,1.99,few clouds
27,Yate,GB,51.5407,-2.4184,71.24,71,100,1.01,overcast clouds
28,Dunedin,NZ,-45.8742,170.5036,46.8,83,100,5.01,overcast clouds
29,Santa Barbara,US,34.7333,-120.0343,97.34,34,0,10.36,clear sky
30,Provideniya,RU,64.3833,-173.3,42.24,69,98,10.42,overcast clouds
31,Raiganj,IN,25.6167,88.1167,81.79,86,100,7.07,overcast clouds
32,Muriwai Beach,NZ,-36.8167,174.45,46.42,97,32,4.68,scattered clouds
33,Fairbanks,US,64.8378,-147.7164,61.61,65,75,0.0,broken clouds
34,Lafiagi,NG,8.8667,5.4167,75.96,87,62,3.2,light rain
35,Torbay,CA,47.6666,-52.7314,78.76,63,76,3.74,broken clouds
36,Pevek,RU,69.7008,170.3133,32.02,99,100,8.72,snow
37,Yellowknife,CA,62.456,-114.3525,60.85,58,96,8.46,overcast clouds
38,Rio Gallegos,AR,-51.6226,-69.2181,33.3,74,11,22.35,few clouds
39,Chokurdakh,RU,70.6333,147.9167,45.36,49,1,8.03,clear sky
40,Stryn,NO,61.9045,6.7226,58.14,92,96,5.88,overcast clouds
41,Ambikapur,IN,23.1167,83.2,77.83,85,100,2.37,overcast clouds
42,Murray Bridge,AU,-35.1167,139.2667,55.13,94,100,9.42,overcast clouds
43,Tahta,EG,26.7693,31.5021,88.07,18,0,8.41,clear sky
44,Acarau,BR,-2.8856,-40.12,83.53,65,65,15.23,broken clouds
45,Mataura,NZ,-46.1927,168.8643,37.47,95,100,0.54,overcast clouds
46,Sao Joao Da Barra,BR,-21.6403,-41.0511,75.29,78,11,9.46,few clouds
47,Nuuk,GL,64.1835,-51.7216,57.81,62,75,18.41,broken clouds
48,New Norfolk,AU,-42.7826,147.0587,38.91,81,4,2.82,clear sky
49,Shingu,JP,33.7333,135.9833,77.85,92,4,4.27,clear sky
50,Ust-Kuyga,RU,70.0167,135.6,52.41,64,6,3.31,clear sky
51,Mount Gambier,AU,-37.8333,140.7667,47.52,84,100,8.05,light rain
52,Bandarbeyla,SO,9.4942,50.8122,75.6,84,25,28.74,scattered clouds
53,Richmond,US,37.5538,-77.4603,93.2,59,20,10.36,few clouds
54,South Lake Tahoe,US,38.9332,-119.9844,91.62,29,0,5.99,clear sky
55,Clyde River,CA,70.4692,-68.5914,37.8,95,100,3.02,overcast clouds
56,Nikolskoye,RU,59.7035,30.7861,67.91,81,0,2.68,clear sky
57,Kapaa,US,22.0752,-159.319,80.19,74,27,7.0,scattered clouds
58,Georgetown,MY,5.4112,100.3354,80.53,78,20,0.0,few clouds
59,Maralal,KE,1.0968,36.698,60.21,64,73,5.93,broken clouds
60,Taoudenni,ML,22.6783,-3.9836,94.77,33,72,11.9,light rain
61,Harlingen,US,26.1906,-97.6961,98.56,36,0,19.57,clear sky
62,Guerrero Negro,MX,27.9769,-114.0611,78.48,52,8,17.74,clear sky
63,Bengkulu,ID,-3.8004,102.2655,74.95,92,80,4.25,broken clouds
64,Saint-Philippe,RE,-21.3585,55.7679,65.79,83,46,14.52,light rain
65,Codrington,AU,-38.2667,141.9667,48.02,82,59,12.53,broken clouds
66,Elk City,US,35.412,-99.4043,95.36,30,100,15.01,moderate rain
67,Tran,BG,42.8353,22.6517,67.89,45,0,3.98,clear sky
68,Cape Town,ZA,-33.9258,18.4232,59.38,78,100,5.01,overcast clouds
69,Galesong,ID,-5.3166,119.3661,75.22,89,99,7.07,moderate rain
70,Tarakan,ID,3.3,117.6333,79.2,82,100,2.33,overcast clouds
71,La Ronge,CA,55.1001,-105.2842,59.41,65,100,11.14,overcast clouds
72,Klaksvik,FO,62.2266,-6.589,52.72,89,10,7.14,clear sky
73,Hami,CN,42.8,93.45,74.53,25,0,2.21,clear sky
74,Katsuura,JP,35.1333,140.3,77.99,92,70,14.5,broken clouds
75,Aswan,EG,24.0934,32.907,91.51,14,5,13.58,clear sky
76,Mitsamiouli,KM,-11.3847,43.2844,75.43,71,4,6.44,clear sky
77,Vaini,TO,-21.2,-175.2,73.92,77,59,10.25,broken clouds
78,Hobart,AU,-42.8794,147.3294,39.27,91,2,1.01,clear sky
79,Aldan,RU,58.6031,125.3894,57.2,95,54,0.78,broken clouds
80,Broken Hill,AU,-31.95,141.4333,45.57,86,18,10.49,few clouds
81,Bredasdorp,ZA,-34.5322,20.0403,47.88,87,100,1.86,overcast clouds
82,Gasa,PS,31.5,34.4667,75.88,76,5,3.71,clear sky
83,Castro,BR,-24.7911,-50.0119,67.08,72,39,4.23,scattered clouds
84,Benguela,AO,-12.5763,13.4055,68.0,84,74,1.68,broken clouds
85,Edissiya,RU,44.0511,44.5408,71.53,62,90,8.97,overcast clouds
86,Sao Filipe,CV,14.8961,-24.4956,75.47,85,95,7.94,overcast clouds
87,Te Anau,NZ,-45.4167,167.7167,33.42,95,48,1.28,scattered clouds
88,Natal,BR,-5.795,-35.2094,77.65,88,75,5.75,moderate rain
89,Salina Cruz,MX,16.1667,-95.2,89.73,57,94,8.63,overcast clouds
90,Labuhan,ID,-6.8844,112.2051,75.51,83,95,9.66,overcast clouds
91,Khatanga,RU,71.9667,102.5,50.09,84,100,13.53,overcast clouds
92,Krasnoarmeysk,RU,51.0239,45.6969,58.08,77,1,3.49,clear sky
93,Deputatskiy,RU,69.3,139.9,41.92,81,4,5.12,clear sky
94,Carnarvon,AU,-24.8667,113.6333,63.09,71,54,16.64,broken clouds
95,East London,ZA,-33.0153,27.9116,59.99,72,4,4.63,clear sky
96,Tuatapere,NZ,-46.1333,167.6833,43.75,90,99,1.48,overcast clouds
97,Butaritari,KI,3.0707,172.7902,80.22,77,95,4.68,moderate rain
98,Chuy,UY,-33.6971,-53.4616,54.68,89,99,6.38,overcast clouds
99,Busselton,AU,-33.65,115.3333,57.74,77,62,10.85,broken clouds
100,Padang,ID,-0.9492,100.3543,77.05,88,81,3.87,broken clouds
101,Okha,RU,53.5739,142.9478,54.55,93,100,11.03,overcast clouds
102,Hambantota,LK,6.1241,81.1185,79.27,81,99,19.3,moderate rain
103,San Cristobal,VE,7.7669,-72.225,77.18,57,77,6.91,broken clouds
104,Beloha,MG,-25.1667,45.05,64.47,87,3,5.55,clear sky
105,Thompson,CA,55.7435,-97.8558,62.76,77,75,3.44,broken clouds
106,Resen,MK,41.0889,21.0122,68.25,52,0,4.34,clear sky
107,Srednekolymsk,RU,67.45,153.6833,48.04,51,0,8.61,clear sky
108,Souillac,MU,-20.5167,57.5167,69.69,69,90,17.98,overcast clouds
109,Tabory,RU,58.5198,64.5495,53.4,96,6,5.1,clear sky
110,Uyuni,BO,-20.4597,-66.825,56.43,17,95,13.94,overcast clouds
111,Tupik,RU,54.4253,119.9327,59.65,95,55,0.74,broken clouds
112,Sinjai,ID,-5.1241,120.253,74.71,94,95,3.51,overcast clouds
113,Bethel,US,41.3712,-73.414,94.35,67,20,13.8,few clouds
114,Wasilla,US,61.5814,-149.4394,55.02,89,100,5.75,light rain
115,Ferme-Neuve,CA,46.7001,-75.4493,74.8,78,90,10.89,light rain
116,Vila Velha,BR,-20.3297,-40.2925,73.35,87,40,6.91,scattered clouds
117,Sarmanovo,RU,55.2553,52.5891,65.08,80,49,2.77,scattered clouds
118,Mulchen,CL,-37.7167,-72.2333,54.41,86,100,3.71,overcast clouds
119,Araguacu,BR,-12.9306,-49.8264,91.17,23,6,6.38,clear sky
120,Mayumba,GA,-3.432,10.6554,70.56,94,59,7.49,broken clouds
121,Punta Arenas,CL,-53.15,-70.9167,35.62,80,40,26.46,scattered clouds
122,Mardan,PK,34.2019,72.0525,82.17,72,99,4.34,overcast clouds
123,Faanui,PF,-16.4833,-151.75,77.54,73,11,12.97,few clouds
124,Tasiilaq,GL,65.6145,-37.6368,41.16,78,85,2.53,overcast clouds
125,Veydelevka,RU,50.1521,38.4492,56.12,96,46,6.76,scattered clouds
126,Talnakh,RU,69.4865,88.3972,52.93,88,12,6.42,few clouds
127,Rocha,UY,-34.4833,-54.3333,53.56,83,100,7.4,overcast clouds
128,Champerico,GT,14.3,-91.9167,85.75,66,100,6.13,overcast clouds
129,Lebu,CL,-37.6167,-73.65,53.13,81,98,9.6,overcast clouds
130,Bulaevo,KZ,54.9056,70.4439,58.37,89,87,12.44,overcast clouds
131,Arraial Do Cabo,BR,-22.9661,-42.0278,71.51,80,2,13.89,clear sky
132,Namatanai,PG,-3.6667,152.4333,78.58,81,64,6.02,broken clouds
133,Ostrovnoy,RU,68.0531,39.5131,53.76,81,99,5.95,overcast clouds
134,Barrow,US,71.2906,-156.7887,44.62,76,0,26.46,clear sky
135,Flinders,AU,-34.5833,150.8552,56.37,86,98,5.99,light rain
136,Tome,CL,-36.6167,-72.95,54.52,79,67,5.48,broken clouds
137,Dakoro,NE,14.5106,6.765,87.75,41,88,7.38,light rain
138,Bluff,NZ,-46.6,168.3333,37.8,85,80,10.22,broken clouds
139,Esperance,AU,-33.8667,121.9,53.89,82,72,18.43,broken clouds
140,Tecoanapa,MX,16.5167,-98.75,86.05,71,44,9.73,scattered clouds
141,Kodiak,US,57.79,-152.4072,54.91,88,100,6.91,overcast clouds
142,Bairiki,KI,1.3292,172.9752,80.6,83,75,3.44,broken clouds
143,Atuona,PF,-9.8,-139.0333,77.58,72,16,15.61,few clouds
144,Oktyabrskiy,RU,54.4815,53.471,60.66,75,100,2.82,overcast clouds
145,Tecpan,GT,14.7623,-90.9947,63.9,68,100,4.88,overcast clouds
146,Muzhi,RU,65.3667,64.6667,48.33,58,3,10.42,clear sky
147,Muisne,EC,0.6,-80.0333,74.28,82,100,11.12,overcast clouds
148,Morro Bay,US,35.3658,-120.8499,102.38,59,53,10.0,broken clouds
149,Port Alfred,ZA,-33.5906,26.891,58.32,70,0,3.44,clear sky
150,Leshukonskoye,RU,64.8989,45.7622,55.63,80,6,5.32,clear sky
151,Aksu,CN,41.1231,80.2644,79.36,26,0,5.79,clear sky
152,Qaanaaq,GL,77.484,-69.3632,44.28,74,100,8.55,overcast clouds
153,Quipot,PH,13.9317,121.3158,76.68,96,95,2.35,overcast clouds
154,Longyearbyen,SJ,78.2186,15.6401,49.84,87,75,5.75,broken clouds
155,Ancud,CL,-41.8697,-73.8203,41.23,91,100,10.49,light rain
156,San Policarpo,PH,12.1791,125.5072,81.91,81,99,7.52,overcast clouds
157,Muros,ES,42.7762,-9.0603,69.1,82,93,14.7,overcast clouds
158,Cabatuan,PH,10.8794,122.486,76.89,92,99,6.93,overcast clouds
159,Lata,PT,40.1629,-8.3327,66.58,73,66,4.81,broken clouds
160,Linguere,SN,15.3953,-15.1193,90.32,50,98,6.38,light rain
161,Lujan,AR,-34.5703,-59.105,67.01,50,96,1.99,overcast clouds
162,West Wendover,US,40.7391,-114.0733,96.01,19,0,9.22,clear sky
163,Ponta Do Sol,PT,32.6667,-17.1,74.71,80,3,7.29,clear sky
164,Sinnamary,GF,5.3833,-52.95,81.63,76,20,8.7,few clouds
165,Port Elizabeth,ZA,-33.918,25.5701,56.03,75,0,3.33,clear sky
166,Bambous Virieux,MU,-20.3428,57.7575,69.22,69,94,20.11,light rain
167,Laguna,US,38.421,-121.4238,99.32,30,0,6.91,clear sky
168,Novoagansk,RU,61.9449,76.6625,55.17,69,100,8.84,overcast clouds
169,Dikson,RU,73.5069,80.5464,43.16,95,100,20.0,light rain
170,Graham,US,47.0529,-122.2943,81.59,56,0,0.0,clear sky
171,Djenne,ML,13.9061,-4.5533,87.17,53,100,9.44,overcast clouds
172,Kaduy,RU,59.2,37.15,62.01,74,100,4.79,overcast clouds
173,Ibra,OM,22.6906,58.5334,86.11,64,89,8.93,overcast clouds
174,Hasaki,JP,35.7333,140.8333,77.4,92,100,17.18,overcast clouds
175,Douala,CM,4.0483,9.7043,74.46,92,96,3.36,light rain
176,High Level,CA,58.5169,-117.136,55.96,93,100,6.96,light rain
177,Waipawa,NZ,-41.4122,175.5153,44.42,73,100,14.12,overcast clouds
178,Dzhebariki-Khaya,RU,62.2167,135.8,67.62,67,61,4.0,broken clouds
179,Lukulu,ZM,-14.3707,23.242,71.62,33,99,8.97,overcast clouds
180,Biak,ID,-0.9131,122.8766,74.95,88,25,6.62,scattered clouds
181,Noshiro,JP,40.2039,140.0242,69.78,84,100,4.03,overcast clouds
182,Sisimiut,GL,66.9395,-53.6735,48.27,85,100,17.56,overcast clouds
183,Price,US,39.5994,-110.8107,94.26,11,20,17.27,few clouds
184,Tiksi,RU,71.6872,128.8694,40.84,84,82,10.07,broken clouds
185,Pacific Grove,US,36.6177,-121.9166,79.25,86,75,9.22,haze
186,Buala,SB,-8.145,159.5921,79.12,84,100,4.65,light rain
187,Hithadhoo,MV,-0.6,73.0833,80.64,73,99,5.99,light rain
188,Naze,JP,28.3667,129.4833,80.89,88,14,13.98,few clouds
189,Palu,ID,-0.8917,119.8707,75.43,95,83,3.65,broken clouds
190,Launceston,AU,-41.45,147.1667,41.34,89,40,6.91,scattered clouds
191,Barcelona,ES,41.3888,2.159,86.14,73,0,8.05,clear sky
192,Alekseyevskoye,RU,55.3071,50.1135,60.8,82,91,7.47,overcast clouds
193,Okhotsk,RU,59.3833,143.3,57.27,90,100,3.78,overcast clouds
194,Kyabe,TD,9.4515,18.9449,76.24,77,66,1.63,broken clouds
195,Mahebourg,MU,-20.4081,57.7,69.26,69,90,20.0,overcast clouds
196,Pa Daet,TH,19.5049,99.9924,74.16,96,100,2.15,overcast clouds
197,Richards Bay,ZA,-28.783,32.0377,64.6,91,53,5.12,broken clouds
198,Matagalpa,NI,12.9256,-85.9175,81.95,58,40,9.33,scattered clouds
199,Wyszkow,PL,52.5928,21.4584,79.14,52,22,4.54,few clouds
200,Qunduz,AF,36.729,68.857,90.86,14,0,3.78,clear sky
201,Alugan,PH,12.2188,125.4808,81.18,83,100,7.02,overcast clouds
202,Grimshaw,CA,56.1834,-117.6027,71.78,41,70,16.37,broken clouds
203,Imbituba,BR,-28.24,-48.6703,74.86,79,24,13.69,few clouds
204,Maridi,SS,4.9158,29.4742,66.74,96,100,2.37,overcast clouds
205,Pisco,PE,-13.7,-76.2167,64.45,68,0,9.22,clear sky
206,Chapleau,CA,47.8405,-83.4034,74.52,56,100,11.99,overcast clouds
207,Vallenar,CL,-28.5708,-70.7581,66.52,57,0,5.59,clear sky
208,Port Blair,IN,11.6667,92.75,79.41,87,100,6.71,overcast clouds
209,Maiduguri,NG,11.8464,13.1603,82.98,55,96,5.64,overcast clouds
210,Ciudad Del Maiz,MX,22.4,-99.6,89.11,29,24,11.86,few clouds
211,Luanda,AO,-8.8368,13.2343,67.62,88,48,12.95,scattered clouds
212,Port Moresby,PG,-9.4431,147.1797,75.78,88,48,3.6,scattered clouds
213,Kieta,PG,-6.2167,155.6333,77.85,80,97,1.54,overcast clouds
214,State College,US,40.7934,-77.86,89.26,51,40,14.0,scattered clouds
215,Dudinka,RU,69.4058,86.1778,49.51,86,40,5.17,scattered clouds
216,Nizhniy Tsasuchey,RU,50.5167,115.1333,66.94,70,74,6.67,broken clouds
217,Bluefields,NI,12.0137,-83.7635,84.42,66,99,7.38,overcast clouds
218,Doha,QA,25.2867,51.5333,95.31,81,0,6.91,clear sky
219,Cayenne,GF,4.9333,-52.3333,86.04,7,25,8.05,scattered clouds
220,Tuktoyaktuk,CA,69.4541,-133.0374,53.6,94,100,8.05,light rain
221,Grindavik,IS,63.8424,-22.4338,52.27,93,100,8.05,overcast clouds
222,Lagoa,PT,39.05,-27.9833,72.77,84,94,5.21,overcast clouds
223,Gat,IL,31.61,34.7642,79.81,100,5,2.48,clear sky
224,Geraldton,AU,-28.7667,114.6,52.21,93,75,9.22,broken clouds
225,Victoria,HK,22.2855,114.1577,86.18,80,0,4.0,clear sky
226,Istanbul,TR,41.0351,28.9833,74.62,78,0,12.66,clear sky
227,Skjervoy,NO,70.0311,20.9714,53.6,93,100,4.03,overcast clouds
228,Norman Wells,CA,65.282,-126.8329,73.85,47,27,4.29,scattered clouds
229,Severo-Kurilsk,RU,50.6789,156.125,53.67,96,100,26.17,moderate rain
230,Kruisfontein,ZA,-34.0033,24.7314,50.31,86,0,3.22,clear sky
231,Forbes,AU,-33.3833,148.0167,46.35,87,15,6.91,few clouds
232,Matagami,CA,49.7502,-77.6328,64.51,94,100,10.36,light rain
233,Avarua,CK,-21.2078,-159.775,69.85,83,75,14.97,light rain
234,Rafraf,TN,37.1904,10.1837,80.91,70,0,9.1,clear sky
235,Port Lincoln,AU,-34.7333,135.8667,54.55,71,100,20.31,overcast clouds
236,Mountain Home,US,43.133,-115.6912,96.87,10,1,5.5,clear sky
237,Gazanjyk,TM,39.2446,55.5154,83.44,58,0,9.17,clear sky
238,Glossa,GR,35.4717,23.7763,80.1,52,0,5.97,clear sky
239,Mapiri,BO,-15.25,-68.1667,85.82,42,49,2.75,scattered clouds
240,Abu Samrah,SY,35.3029,37.1841,77.14,53,0,11.86,clear sky
241,The Valley,AI,18.217,-63.0578,86.83,66,20,18.41,few clouds
242,Tabatinga,BR,-4.2525,-69.9381,80.6,74,40,6.91,thunderstorm
243,Saskylakh,RU,71.9167,114.0833,47.44,75,100,7.72,overcast clouds
244,Airai,TL,-8.9266,125.4092,54.88,92,99,3.6,overcast clouds
245,Mucurapo,TT,10.6667,-61.5333,85.24,88,24,13.33,few clouds
246,Hailar,CN,49.2,119.7,66.04,68,8,2.8,clear sky
247,Freiberg,DE,50.9167,13.3667,69.98,49,63,7.74,broken clouds
248,Shihezi,CN,44.3,86.0333,74.48,25,0,4.25,clear sky
249,Jackson,US,42.4165,-122.8345,94.75,22,0,5.01,clear sky
250,Constitucion,CL,-35.3333,-72.4167,59.05,71,3,9.35,clear sky
251,Krasnovishersk,RU,60.4078,57.082,59.02,85,100,2.33,overcast clouds
252,Colac,AU,-38.3333,143.5833,51.08,87,4,6.44,clear sky
253,Leningradskiy,RU,69.3833,178.4167,34.63,99,100,11.1,light snow
254,Udachnyy,RU,66.4167,112.4,50.22,96,100,1.41,light rain
255,Sola,VU,-13.8833,167.55,80.22,81,58,17.58,broken clouds
256,Karratha,AU,-20.7377,116.8463,69.19,87,0,7.52,clear sky
257,Loubomo,CG,-4.1997,12.6739,70.48,79,31,7.43,scattered clouds
258,Eisiskes,LT,54.1667,25.0,64.51,91,8,5.37,clear sky
259,Quatre Cocos,MU,-20.2078,57.7625,69.1,70,93,20.2,light rain
260,Touros,BR,-5.1989,-35.4608,78.49,77,100,10.94,overcast clouds
261,Russell,US,32.3502,-85.1999,90.97,62,20,8.05,few clouds
262,Nabire,ID,-3.3667,135.4833,75.34,89,26,2.68,scattered clouds
263,Suntar,RU,62.1444,117.6319,56.12,97,100,1.54,overcast clouds
264,Ampanihy,MG,-24.7,44.75,63.75,77,19,7.18,few clouds
265,Glendive,US,47.1053,-104.7125,92.82,25,0,14.97,clear sky
266,Mbandaka,CD,0.0487,18.2603,74.41,79,72,2.24,broken clouds
267,Vuktyl,RU,63.8567,57.3094,57.4,62,49,6.22,scattered clouds
268,Wadi Musa,JO,30.3222,35.4793,68.32,71,0,5.14,clear sky
269,Tiznit,MA,29.5833,-9.5,91.35,20,55,2.44,broken clouds
270,Porbandar,IN,21.6422,69.6093,82.18,81,100,16.89,overcast clouds
271,Surt,LY,31.2089,16.5887,79.57,64,0,10.36,clear sky
272,Maple Creek,CA,49.9168,-109.4848,84.92,23,2,9.66,clear sky
273,Wicklow,IE,53.0,-6.4167,57.02,81,100,1.95,overcast clouds
274,Wolsztyn,PL,52.1155,16.1171,72.91,85,92,5.32,overcast clouds
275,Adrar,MR,20.5022,-10.0711,93.88,31,84,4.18,broken clouds
276,Porto Novo,BJ,6.4965,2.6036,75.45,79,29,8.55,scattered clouds
277,Lixourion,GR,38.2019,20.4314,82.4,51,0,8.05,clear sky
278,Wanning,CN,18.8003,110.3967,79.7,87,25,4.05,scattered clouds
279,Vanimo,PG,-2.6741,141.3028,77.7,86,100,3.13,overcast clouds
280,Aras,ES,42.5617,-2.356,88.21,31,0,4.61,clear sky
281,Sindgi,IN,16.9167,76.2333,76.53,80,100,13.51,overcast clouds
282,Howard Springs,AU,-12.497,131.047,62.51,96,98,5.19,overcast clouds
283,Oskemen,KZ,49.9565,82.6119,60.46,95,100,5.14,moderate rain
284,Narsaq,GL,60.9167,-46.05,52.68,75,16,9.73,few clouds
285,Arlit,NE,18.7369,7.3853,99.54,13,22,1.97,few clouds
286,Tynda,RU,55.1667,124.7167,57.61,97,14,1.77,few clouds
287,Shenjiamen,CN,29.9576,122.298,78.21,91,35,6.71,scattered clouds
288,Upernavik,GL,72.7868,-56.1549,46.58,93,100,12.75,light rain
289,Dalby,AU,-27.1833,151.2667,53.98,97,100,1.99,light rain
290,Gazimurskiy Zavod,RU,51.5461,118.3266,60.22,93,96,1.95,overcast clouds
291,Olafsvik,IS,64.8945,-23.7142,53.44,83,33,6.44,scattered clouds
292,Pangnirtung,CA,66.1451,-65.7125,43.75,93,100,1.99,light rain
293,Flin Flon,CA,54.7682,-101.865,64.24,68,75,19.57,broken clouds
294,Hay River,CA,60.8156,-115.7999,58.51,63,50,10.36,scattered clouds
295,Cidreira,BR,-30.1811,-50.2056,63.75,89,100,5.57,overcast clouds
296,Qaqortoq,GL,60.7167,-46.0333,50.31,77,9,4.7,clear sky
297,Havre-Saint-Pierre,CA,50.2334,-63.5986,68.97,57,94,5.64,overcast clouds
298,Hualmay,PE,-11.0964,-77.6139,65.88,72,10,10.94,clear sky
299,Port Hawkesbury,CA,45.6169,-61.3485,85.89,57,18,5.99,few clouds
300,Mouila,GA,-1.8685,11.0559,78.85,65,100,4.97,overcast clouds
301,Portland,US,45.5234,-122.6762,83.77,56,20,5.75,few clouds
302,Alofi,NU,-19.0595,-169.9187,75.09,83,20,5.75,few clouds
303,Tupelo,US,34.2576,-88.7034,97.09,52,75,4.61,broken clouds
304,Inirida,CO,3.8653,-67.9239,79.84,91,90,3.2,overcast clouds
305,Dicabisagan,PH,17.0818,122.4157,79.97,87,18,1.59,few clouds
306,Coolum Beach,AU,-26.5333,153.1,63.1,96,100,18.37,light rain
307,Mitu,CO,1.1983,-70.1733,76.6,95,99,3.22,overcast clouds
308,Petropavlovsk-Kamchatskiy,RU,53.0452,158.6483,59.59,100,75,2.24,broken clouds
309,Khorramshahr,IR,30.4397,48.1664,93.15,56,0,11.79,clear sky
310,Merauke,ID,-8.4667,140.3333,75.06,87,25,7.27,scattered clouds
311,Manaus,BR,-3.1019,-60.025,81.09,78,75,3.44,moderate rain
312,Avera,US,33.194,-82.5271,88.56,52,100,13.2,overcast clouds
313,Kyra,RU,49.5776,111.9753,61.65,89,100,3.15,light rain
314,Port Keats,AU,-14.25,129.55,64.87,34,7,7.81,clear sky
315,Lompoc,US,34.6391,-120.4579,93.02,66,0,19.57,clear sky
316,Atar,MR,20.5169,-13.0499,97.93,27,8,12.12,clear sky
317,Nizwa,OM,22.9333,57.5333,87.46,69,95,4.16,overcast clouds
318,Nantucket,US,41.2835,-70.0995,82.51,83,100,14.97,mist
319,Sibiti,CG,-3.6819,13.3499,74.37,63,68,3.62,broken clouds
320,Verkhnyaya Inta,RU,65.9811,60.3094,45.77,67,0,7.4,clear sky
321,Kalmunai,LK,7.4167,81.8167,78.24,87,100,7.02,overcast clouds
322,Sur,OM,22.5667,59.5289,86.77,71,66,12.15,broken clouds
323,Sakakah,SA,29.9697,40.2064,94.69,15,0,16.89,clear sky
324,Port Hardy,CA,50.6996,-127.4199,60.48,73,4,7.63,clear sky
325,Astoria,US,46.1879,-123.8313,64.44,74,100,8.05,overcast clouds
326,Bajil,YE,15.0584,43.2851,88.34,55,26,9.51,scattered clouds
327,Mecca,SA,21.4267,39.8261,88.97,50,53,2.1,broken clouds
328,Bella Union,UY,-30.2752,-57.6007,71.15,79,77,4.5,broken clouds
329,Basco,PH,20.4487,121.9702,85.48,77,10,13.56,clear sky
330,Bay Roberts,CA,47.5999,-53.2648,79.52,67,97,15.14,overcast clouds
331,Nouakchott,MR,18.0858,-15.9785,78.73,79,13,10.07,few clouds
332,Kindersley,CA,51.4668,-109.1682,80.96,31,4,18.01,clear sky
333,Castelo,BR,-20.6036,-41.1847,73.74,68,80,3.4,broken clouds
334,Ambrolauri,GE,42.5211,43.1622,64.72,99,100,2.28,overcast clouds
335,Barra Do Garcas,BR,-15.89,-52.2567,89.92,22,6,5.64,clear sky
336,Boa Vista,BR,2.8197,-60.6733,85.98,66,40,4.61,scattered clouds
337,Janauba,BR,-15.8025,-43.3089,82.47,22,5,8.72,clear sky
338,San Francisco De Macoris,DO,19.2952,-70.2554,83.08,58,17,11.48,few clouds
339,Fuerte Olimpo,PY,-21.0415,-57.8738,94.95,18,8,10.98,clear sky
340,Nanortalik,GL,60.1432,-45.2371,50.18,76,2,14.18,clear sky
341,Batemans Bay,AU,-35.7167,150.1833,52.11,86,93,3.11,overcast clouds
342,Bubaque,GW,11.2833,-15.8333,78.76,85,100,16.35,light rain
343,Pierre,US,44.3683,-100.351,92.32,33,0,10.36,clear sky
344,Sioux Lookout,CA,50.1001,-91.917,68.07,73,75,4.61,broken clouds
345,Hastings,GB,50.8552,0.5729,67.39,81,72,17.07,broken clouds
346,Terrasini,IT,38.146,13.0844,84.22,74,0,10.36,clear sky
347,Sorland,NO,67.667,12.6934,53.46,91,100,21.9,overcast clouds
348,Coquimbo,CL,-29.9533,-71.3436,55.13,82,100,8.05,overcast clouds
349,Araouane,ML,18.9048,-3.5265,95.16,33,20,6.6,light rain
350,Nelson Bay,AU,-32.7167,152.15,62.01,77,100,17.0,overcast clouds
351,Copiapo,CL,-27.3667,-70.3333,53.29,59,2,3.11,clear sky
352,Malakal,SS,9.5334,31.6605,72.46,85,100,2.86,overcast clouds
353,Saint Anthony,US,45.0205,-93.218,87.3,36,0,21.85,clear sky
354,Verkhoyansk,RU,67.5447,133.385,55.31,66,82,1.3,broken clouds
355,Kanigiri,IN,15.4,79.5167,86.09,65,100,3.02,overcast clouds
356,Fez,MA,34.0372,-4.9998,95.25,16,40,4.61,scattered clouds
357,Grand-Bourg,GP,15.8835,-61.3148,85.95,77,1,17.27,clear sky
358,Itaituba,BR,-4.2761,-55.9836,83.95,60,95,3.06,overcast clouds
359,Pinawa,CA,50.1489,-95.8811,78.58,38,9,13.35,clear sky
360,Nur,PL,52.6683,22.3221,69.35,64,5,1.25,clear sky
361,Abu Dhabi,AE,24.4667,54.3667,98.71,61,0,4.61,clear sky
362,Pergamino,AR,-33.89,-60.5736,68.18,41,100,7.63,overcast clouds
363,Vao,NC,-22.6667,167.4833,73.08,90,11,20.96,few clouds
364,Moron,AR,-34.6534,-58.6198,65.95,74,100,7.23,overcast clouds
365,Bardstown,US,37.8092,-85.4669,92.79,50,0,8.05,clear sky
366,Dingle,PH,10.9995,122.6711,77.25,91,99,5.79,overcast clouds
367,Kutum,SD,14.2,24.6667,73.45,62,94,4.83,overcast clouds
368,Sibolga,ID,1.7427,98.7792,76.05,90,99,3.44,overcast clouds
369,Dogondoutchi,NE,13.6393,4.0287,84.09,59,41,3.53,scattered clouds
370,Edd,ER,13.9297,41.6925,91.31,61,72,6.87,broken clouds
371,Tadine,NC,-21.55,167.8833,74.3,87,20,13.89,few clouds
372,Chaiya,TH,9.3862,99.1986,77.27,85,100,5.44,overcast clouds
373,Bogorodskoye,RU,56.55,37.8833,59.68,68,65,9.15,broken clouds
374,Patti,IN,31.2808,74.8572,80.67,96,99,5.48,overcast clouds
375,Wonthaggi,AU,-38.6044,145.5913,44.82,87,4,6.69,clear sky
376,La Paz,BO,-16.5,-68.15,66.18,10,75,4.61,broken clouds
377,Bardiyah,LY,31.7561,25.0865,76.15,66,0,10.54,clear sky
378,Tazovskiy,RU,67.4667,78.7,43.75,84,100,3.24,overcast clouds
379,Japura,ID,-0.3167,102.35,73.29,98,100,1.57,overcast clouds
380,Aksarayskiy,RU,46.7924,48.0119,72.0,76,2,12.12,clear sky
381,Andenes,NO,69.3143,16.1194,55.38,82,75,9.22,broken clouds
382,Jinka,ET,5.65,36.65,68.05,58,87,0.58,overcast clouds
383,Poya,NC,-21.35,165.15,74.01,84,46,7.85,scattered clouds
384,Mantua,IT,45.1667,10.7833,88.84,52,1,1.99,clear sky
385,Tsiroanomandidy,MG,-18.7667,46.0333,56.97,65,0,4.21,clear sky
386,Maldonado,UY,-34.6667,-54.9167,53.22,82,100,7.7,overcast clouds
387,Vardo,NO,70.3705,31.1107,57.18,88,100,6.91,light intensity shower rain
388,Nata,PA,8.3333,-80.5167,76.87,92,100,3.06,overcast clouds
389,Mayskiy,RU,47.6931,40.1025,63.81,61,12,7.11,few clouds
390,Tessalit,ML,20.1986,1.0114,90.32,33,95,8.63,light rain
391,Tiarei,PF,-17.5333,-149.3333,80.62,75,19,11.48,light rain
392,Salalah,OM,17.0151,54.0924,77.09,94,100,5.75,overcast clouds
393,Carauari,BR,-4.8828,-66.8958,89.28,51,61,1.52,broken clouds
394,Donskoye,RU,45.4552,41.9741,68.13,63,19,9.55,few clouds
395,Camabatela,AO,-8.1881,15.375,67.91,57,81,4.41,broken clouds
396,Soyo,AO,-6.1349,12.3689,70.21,88,8,10.98,clear sky
397,Walvis Bay,NA,-22.9575,14.5053,57.09,51,0,2.98,clear sky
398,Gizo,SB,-8.103,156.8419,80.91,79,53,7.07,broken clouds
399,Terney,RU,45.0503,136.6092,61.32,97,100,5.75,overcast clouds
400,Beringovskiy,RU,63.05,179.3167,47.37,65,33,9.98,scattered clouds
401,Rudbar,AF,30.15,62.6,96.4,10,19,6.24,few clouds
402,Ubinskoye,RU,55.3068,79.6802,59.38,97,5,12.26,clear sky
403,Manga,BF,11.6636,-1.0731,80.78,66,100,5.68,light rain
404,Lavrentiya,RU,65.5833,-171.0,39.74,83,100,21.34,light rain
405,Port Macquarie,AU,-31.4333,152.9167,55.89,83,100,11.63,overcast clouds
406,Farah,AF,32.5,62.5,89.92,11,0,2.93,clear sky
407,Iqaluit,CA,63.7506,-68.5145,41.7,86,69,4.0,broken clouds
408,Diapaga,BF,12.0708,1.7889,81.01,65,96,5.12,overcast clouds
409,Kununurra,AU,-15.7667,128.7333,53.58,87,8,0.0,clear sky
410,Diamantino,BR,-14.4086,-56.4461,93.43,21,25,7.58,scattered clouds
411,Bontang,ID,0.1333,117.5,79.07,83,59,2.62,broken clouds
412,San Pedro,PH,14.35,121.0167,79.83,85,40,3.44,scattered clouds
413,Jabinyanah,TN,35.035,10.9081,82.51,62,0,11.14,clear sky
414,Volkhov,RU,59.9258,32.3382,61.38,82,0,3.29,clear sky
415,Vestmanna,FO,62.1564,-7.1664,50.92,87,75,6.91,broken clouds
416,Hofn,IS,64.2539,-15.2082,50.81,90,26,2.95,scattered clouds
417,Kirkuk,IQ,35.4681,44.3922,94.39,12,0,11.61,clear sky
418,Paracuru,BR,-3.41,-39.0306,76.1,72,82,12.01,broken clouds
419,Lodja,CD,-3.4833,23.4333,75.99,65,100,1.12,overcast clouds
420,Tautira,PF,-17.7333,-149.15,75.56,77,20,10.83,light rain
421,Kursk,RU,51.7303,36.1939,57.4,100,40,4.47,scattered clouds
422,Katobu,ID,-4.9408,122.5276,74.71,88,83,5.73,broken clouds
423,Grand Gaube,MU,-20.0064,57.6608,69.39,70,98,5.01,overcast clouds
424,Havelock,US,34.8791,-76.9013,90.05,83,0,18.41,clear sky
425,San Patricio,US,28.017,-97.5169,99.32,39,4,20.27,clear sky
426,Melbu,NO,68.5044,14.8297,55.22,82,100,9.22,overcast clouds
427,Birnin Kebbi,NG,12.4539,4.1975,82.47,62,55,6.02,broken clouds
428,Warrington,GB,53.3925,-2.5802,64.87,79,75,10.36,broken clouds
429,Cileungsi,ID,-6.3947,106.9592,81.86,81,72,3.06,broken clouds
430,Benxi,CN,41.2886,123.765,64.72,97,100,0.45,overcast clouds
431,Chambas,CU,22.1928,-78.9136,87.35,62,72,6.73,light rain
432,Mariental,NA,-24.6333,17.9667,60.12,27,0,11.52,clear sky
433,Beni Mazar,EG,28.4962,30.8029,84.63,31,0,18.23,clear sky
434,Cockburn Town,TC,21.4612,-71.1419,82.54,81,14,20.0,few clouds
435,Maraba,BR,-5.3686,-49.1178,95.18,29,20,1.14,few clouds
436,Einbeck,DE,51.8167,9.8667,67.71,90,72,6.8,broken clouds
437,Doume,CM,4.2333,13.45,70.88,85,100,2.28,overcast clouds
438,Hengyang,CN,26.8881,112.615,80.29,83,46,3.87,scattered clouds
439,Revda,RU,56.801,59.9303,52.09,96,33,3.74,scattered clouds
440,Kalengwa,ZM,-13.4659,25.0027,67.14,38,100,1.74,overcast clouds
441,Birzai,LT,56.2,24.75,65.12,68,25,3.31,scattered clouds
442,Zeya,RU,53.75,127.2667,60.8,85,89,3.2,overcast clouds
443,Asau,RO,46.4333,26.4,67.28,42,0,5.86,clear sky
444,Riyadh,SA,24.6877,46.7219,98.74,8,64,6.22,broken clouds
445,Husavik,IS,66.0449,-17.3389,50.77,78,88,2.91,overcast clouds
446,Chumikan,RU,54.7183,135.315,52.5,99,100,1.39,overcast clouds
447,Sitka,US,57.0531,-135.33,55.29,88,100,3.44,overcast clouds
448,Joensuu,FI,62.6012,29.7632,64.89,88,0,1.14,clear sky
449,Salinas,US,36.6777,-121.6555,92.57,60,0,14.97,haze
450,Macusani,PE,-14.0833,-70.4333,50.83,28,33,6.89,scattered clouds
451,Finschhafen,PG,-6.6024,147.8681,77.72,82,11,3.06,few clouds
452,Linhares,BR,-19.3911,-40.0722,72.73,76,68,6.15,broken clouds
453,Kosonsoy,UZ,41.2561,71.5508,75.76,20,0,7.23,clear sky
454,Sassandra,CI,4.95,-6.0833,74.82,75,100,5.77,overcast clouds
455,Kavaratti,IN,10.5669,72.642,81.12,77,100,20.36,overcast clouds
456,Muli,MV,2.9167,73.5667,81.32,76,97,12.91,overcast clouds
457,Abhar,IR,36.1468,49.218,74.05,48,1,4.45,clear sky
458,Poum,NC,-20.2333,164.0167,76.98,85,98,23.06,overcast clouds
459,Majene,ID,-3.5403,118.9707,76.89,91,95,9.71,overcast clouds
460,Nizhneangarsk,RU,55.7833,109.55,53.47,82,100,0.89,overcast clouds
461,Agadez,NE,19.75,10.25,93.34,16,78,2.28,broken clouds
462,Maniitsoq,GL,65.4167,-52.9,45.41,90,93,13.73,overcast clouds
463,Jawar,IN,23.0,76.5,77.05,86,100,5.68,moderate rain
464,Kota Bahru,MY,6.1333,102.2386,76.33,90,100,3.02,overcast clouds
465,Cacoal,BR,-11.4386,-61.4472,94.73,22,0,4.09,clear sky
466,Meulaboh,ID,4.1363,96.1285,77.97,83,100,4.94,overcast clouds
467,Puerto Lumbreras,ES,37.5633,-1.8097,80.98,56,0,3.89,clear sky
468,Progreso,MX,21.2833,-89.6667,99.1,66,14,17.72,few clouds
469,Aqtobe,KZ,50.2797,57.2072,69.89,40,0,6.71,clear sky
470,Cascais,PT,38.6979,-9.4215,70.93,71,20,20.0,few clouds
471,Windsor,CA,42.3001,-83.0165,92.3,38,20,10.36,few clouds
472,Bomi,SL,7.2461,-11.5258,74.41,87,99,5.79,overcast clouds
473,Eureka,US,40.8021,-124.1637,90.75,80,68,5.99,broken clouds
474,Kretinga,LT,55.8758,21.2508,69.55,73,0,3.44,clear sky
475,Amga,RU,60.8953,131.9608,64.54,80,4,1.92,clear sky
476,Odweyne,SO,9.4092,45.064,71.37,44,9,15.17,clear sky
477,Lamu,KE,-2.2717,40.902,75.42,81,18,18.25,light rain
478,Coihaique,CL,-45.5752,-72.0662,35.55,80,75,3.44,broken clouds
479,Vila Franca Do Campo,PT,37.7167,-25.4333,72.01,75,33,3.38,scattered clouds
480,Yeppoon,AU,-23.1333,150.7333,56.98,95,15,6.46,few clouds
481,Ahmadpur East,PK,29.1431,71.2598,83.25,74,100,2.62,moderate rain
482,Newcastleton,GB,55.1796,-2.8127,59.34,80,99,6.35,overcast clouds
483,Dwarka,IN,22.2394,68.9678,82.89,82,100,19.35,overcast clouds
484,Montepuez,MZ,-13.1256,38.9997,66.88,71,59,8.55,broken clouds
485,Dongsheng,CN,39.8161,109.9776,60.08,76,100,22.35,light rain
486,Faya,SA,18.3851,42.4509,68.52,61,72,3.51,broken clouds
487,Ilulissat,GL,69.2167,-51.1,51.82,82,75,5.75,broken clouds
488,Myski,RU,53.709,87.8014,56.39,98,100,3.56,moderate rain
489,Shahgarh,IN,24.3167,79.1333,77.65,92,100,3.94,overcast clouds
490,Arica,CL,-18.475,-70.3042,63.95,77,100,6.91,overcast clouds
491,Denpasar,ID,-8.65,115.2167,78.46,78,40,11.5,scattered clouds
492,Bud,US,39.447,-86.1758,91.06,48,0,8.23,clear sky
493,Ipixuna,BR,-1.7625,-48.8043,80.44,74,100,1.88,overcast clouds
494,Nova Olinda Do Norte,BR,-3.8881,-59.0942,85.87,58,83,1.48,broken clouds
495,Seoul,KR,37.5683,126.9778,72.84,93,23,1.54,few clouds
496,Ucluelet,CA,48.9329,-125.5528,61.09,86,100,1.01,overcast clouds
497,Aykhal,RU,66.0,111.5,51.84,91,100,1.16,overcast clouds
498,Korla,CN,41.7597,86.1469,77.04,31,0,2.37,clear sky
499,Huber Heights,US,39.8439,-84.1247,88.9,48,20,16.11,few clouds
500,Huilong,CN,31.8111,121.655,79.93,93,0,4.03,clear sky
501,Ust-Barguzin,RU,53.45,108.9833,54.03,96,100,7.02,light rain
502,Baijiantan,CN,45.6333,85.1833,81.37,21,0,7.02,clear sky
503,Bela Vista Do Paraiso,BR,-22.9967,-51.1906,79.84,36,18,4.14,few clouds
504,Kastamonu,TR,41.5,33.6667,54.99,93,0,4.23,clear sky
505,Rafaela,AR,-31.2503,-61.4867,64.99,66,98,12.82,overcast clouds
506,Tommot,RU,58.9564,126.2925,60.91,95,77,1.28,broken clouds
507,Satipo,PE,-11.2522,-74.6386,90.66,36,1,3.2,clear sky
508,Amuntai,ID,-2.4177,115.2494,73.9,95,99,0.89,moderate rain
509,Cabedelo,BR,-6.9811,-34.8339,74.07,84,100,11.18,overcast clouds
510,Aloleng,PH,16.1307,119.7824,81.95,75,100,6.93,overcast clouds
511,Saint-Augustin,CA,51.226,-58.6502,75.87,40,95,8.46,overcast clouds
512,Arrecife,ES,28.963,-13.5477,75.18,78,20,21.85,few clouds
513,Akhmeta,GE,42.0311,45.2075,66.72,93,98,8.21,overcast clouds
514,Oranjemund,NA,-28.55,16.4333,56.01,75,3,6.73,clear sky
515,Rawlins,US,41.7911,-107.2387,89.49,9,0,20.71,clear sky
516,Nara,JP,34.6851,135.8049,76.5,96,61,4.12,broken clouds
517,Sao Felix Do Xingu,BR,-6.6447,-51.995,93.47,25,14,3.44,few clouds
518,Santa Lucia,ES,27.9117,-15.5407,69.76,65,20,29.93,few clouds
519,Saint George,US,37.1041,-113.5841,111.25,14,0,5.75,clear sky
520,Iglesias,IT,39.3114,8.535,83.62,57,13,3.49,few clouds
521,Itarema,BR,-2.9248,-39.9167,82.65,68,57,15.59,broken clouds
522,Ngunguru,NZ,-35.6167,174.5,50.2,86,41,8.52,scattered clouds
523,Bilibino,RU,68.0546,166.4372,41.74,67,96,2.82,overcast clouds
524,Matamoros,MX,25.5333,-103.25,98.71,18,75,0.0,broken clouds
525,Raton,US,36.9034,-104.4391,89.33,36,0,9.22,clear sky
526,Sistranda,NO,63.7256,8.834,53.56,86,100,19.69,overcast clouds
527,Taltal,CL,-25.4,-70.4833,60.71,78,9,5.19,clear sky
528,Isangel,VU,-19.55,169.2667,76.28,85,4,11.61,clear sky
529,Lasa,IT,46.6166,10.7002,69.78,82,44,1.61,scattered clouds
530,Dickinson,US,29.4608,-95.0513,101.12,58,75,13.8,broken clouds
531,Aksarka,RU,66.5606,67.7975,42.8,81,29,2.42,scattered clouds
532,Ha Giang,VN,22.8333,104.9833,74.8,99,96,0.49,overcast clouds
533,Kaniama,CD,-7.5667,24.1833,72.99,45,39,4.68,scattered clouds
534,Salinopolis,BR,-0.6136,-47.3561,80.13,82,81,7.16,broken clouds
535,Ambilobe,MG,-13.2,49.05,66.45,71,16,5.61,few clouds
536,Dungarpur,IN,23.8333,73.7167,80.58,78,100,11.21,overcast clouds
537,Sarangani,PH,5.4033,125.4636,82.02,75,100,1.68,light rain
538,Strezhevoy,RU,60.7333,77.5889,55.56,94,100,3.44,light rain
539,Sobolevo,RU,54.4299,31.8996,56.75,91,1,8.01,clear sky
540,Vanavara,RU,60.34,102.2797,56.71,74,90,1.66,overcast clouds
541,West Bay,KY,19.3667,-81.4167,89.67,62,20,9.22,few clouds
542,Yashalta,RU,46.3395,42.2762,66.45,38,0,9.86,clear sky
543,Kahului,US,20.8947,-156.47,82.42,69,75,17.27,broken clouds
544,Palmer,US,42.1584,-72.3287,91.78,52,20,24.16,few clouds
545,Quime,BO,-16.9833,-67.2167,62.89,16,100,7.07,overcast clouds
546,Klaeng,TH,12.7797,101.6483,81.95,100,100,4.7,overcast clouds
547,Cap Malheureux,MU,-19.9842,57.6142,69.48,70,97,5.01,overcast clouds
548,Westport,US,41.1415,-73.3579,88.27,72,20,10.36,few clouds
549,Gamba,GA,-2.65,10.0,71.08,91,88,6.82,overcast clouds
550,Paamiut,GL,61.994,-49.6678,45.75,88,9,8.66,clear sky
551,Ulladulla,AU,-35.35,150.4667,53.65,82,49,6.49,scattered clouds
552,Jiazi,CN,22.8779,116.067,81.77,82,4,5.12,clear sky
553,Forrest City,US,35.0081,-90.7898,96.73,33,11,9.13,few clouds
554,Hirara,JP,24.8,125.2833,84.99,76,3,13.53,clear sky
555,Bukachacha,RU,52.9833,116.9167,60.12,95,89,0.92,overcast clouds
556,Sambava,MG,-14.2667,50.1667,69.1,85,64,12.41,light rain
557,Xapuri,BR,-10.6517,-68.5044,93.72,23,0,1.66,clear sky
558,Palora,EC,-1.7,-77.9333,78.91,46,85,1.88,overcast clouds
559,Tateyama,JP,34.9833,139.8667,79.11,88,32,12.95,scattered clouds
560,Port-Gentil,GA,-0.7193,8.7815,75.16,88,40,11.5,scattered clouds
561,Roald,NO,62.5833,6.1333,58.15,87,75,6.91,broken clouds
562,Aragats,AM,40.4889,44.3528,67.57,79,4,5.21,clear sky
563,Bathsheba,BB,13.2167,-59.5167,86.61,83,20,21.85,few clouds
564,San Quintin,MX,30.4833,-115.95,73.31,71,100,18.1,overcast clouds
565,Raudeberg,NO,61.9875,5.1352,54.27,86,92,8.55,overcast clouds
566,Mormugao,IN,15.4,73.8,76.26,94,75,6.91,drizzle
567,Joao Pinheiro,BR,-17.7425,-46.1725,78.53,32,3,5.39,clear sky
568,Sherbakul,RU,54.6316,72.3963,59.54,83,25,14.47,scattered clouds
569,Baiyin,CN,36.5583,104.2081,54.63,80,62,4.41,broken clouds
570,Veraval,IN,20.9,70.3667,81.72,81,100,16.08,overcast clouds
571,Sompeta,IN,18.9333,84.6,83.26,79,100,4.5,overcast clouds
572,Mnogovershinnyy,RU,53.9353,139.9242,51.76,94,100,5.14,overcast clouds
573,Bull Savanna,JM,17.8868,-77.5902,86.36,57,5,18.52,clear sky
574,Paris,FR,48.8534,2.3488,76.78,64,0,9.22,clear sky
575,Pingliang,CN,35.5392,106.6861,58.51,88,100,14.81,light rain
576,Paita,PE,-5.0892,-81.1144,69.08,68,24,14.76,few clouds
577,Siderno,IT,38.2779,16.302,78.33,65,0,7.34,clear sky
578,Nyimba,ZM,-14.5566,30.8149,70.34,53,100,7.38,light rain
579,Kaspiysk,RU,42.8816,47.6392,75.24,69,20,4.47,few clouds
580,Arman,RU,59.7,150.1667,66.02,76,29,2.01,scattered clouds
581,Harper,LR,4.375,-7.7169,75.45,76,100,8.97,overcast clouds
582,Moussoro,TD,13.6408,16.4901,87.78,55,61,1.14,broken clouds
583,Egvekinot,RU,66.3167,-179.1667,40.41,57,93,11.39,overcast clouds
584,Whitehorse,CA,60.7161,-135.0538,62.02,55,77,13.0,broken clouds
585,Ketchikan,US,55.3422,-131.6461,63.07,67,100,8.05,overcast clouds
586,Ayame,CI,5.6083,-3.1563,70.95,79,61,5.08,broken clouds
587,Kjollefjord,NO,70.9457,27.3465,58.82,100,75,2.3,light rain
588,Tamandare,BR,-8.7597,-35.1047,75.42,84,92,10.71,overcast clouds
589,Vostok,RU,46.4856,135.8833,59.27,99,99,2.04,overcast clouds
590,Sao Geraldo Do Araguaia,BR,-6.4006,-48.555,93.56,23,8,2.13,clear sky
591,Pandamatenga,BW,-18.5278,25.627,61.93,54,84,4.36,broken clouds
592,Peterhead,GB,57.5058,-1.7981,57.45,85,100,7.78,overcast clouds
593,Zarubino,RU,42.63,131.0922,66.0,98,100,1.63,overcast clouds
594,Kavieng,PG,-2.5744,150.7967,81.23,79,100,11.34,light rain
595,Zatoka,UA,46.0725,30.4654,72.72,59,5,9.28,clear sky
596,Palmares Do Sul,BR,-30.2578,-50.5097,66.67,86,100,4.07,overcast clouds
597,Saldanha,ZA,-33.0117,17.9442,54.39,75,96,10.33,overcast clouds
598,Manokwari,ID,-0.8667,134.0833,77.85,80,97,3.67,overcast clouds
599,Qui Nhon,VN,13.7667,109.2333,76.91,88,100,3.76,overcast clouds
600,Novobirilyussy,RU,56.9514,90.6661,57.22,95,100,5.1,overcast clouds
601,Isabela,PH,6.7085,121.9711,78.66,84,100,3.11,overcast clouds
602,College,US,64.8569,-147.8028,61.59,66,100,0.0,overcast clouds
603,Turayf,SA,31.6725,38.6637,83.19,27,0,14.2,clear sky
604,Ntoum,GA,0.3833,9.7833,76.21,79,100,5.06,overcast clouds
605,Cloquet,US,46.7216,-92.4594,80.62,44,100,14.97,overcast clouds
606,Viedma,AR,-40.8135,-62.9967,52.07,22,98,16.6,overcast clouds
607,Varna,BG,43.2167,27.9167,71.44,86,0,2.3,clear sky
608,Marrakesh,MA,31.6315,-8.0083,96.87,23,75,19.57,broken clouds
609,Pauini,BR,-7.7136,-66.9764,95.72,28,8,0.45,clear sky
610,Cabral,DO,18.25,-71.2167,89.46,79,20,17.27,few clouds
611,Broome,US,42.2506,-75.833,88.99,50,20,13.8,few clouds
612,Sokoni,TZ,-6.4333,39.55,75.47,77,76,18.72,light rain
613,Khandyga,RU,62.6667,135.6,67.33,73,74,4.27,broken clouds
614,Daru,PG,-9.0763,143.2092,75.72,92,67,7.65,broken clouds
615,Pimentel,PE,-6.8367,-79.9342,71.89,56,20,12.66,few clouds
616,Sikasso,ML,10.9167,-7.0,75.15,88,97,4.97,overcast clouds
617,Hermiston,US,45.8404,-119.2895,99.81,21,0,10.36,clear sky
618,Ormara,PK,25.2088,64.6357,83.93,84,99,13.58,overcast clouds
619,Somanda,TZ,-3.3667,33.95,70.97,43,91,15.48,overcast clouds
620,Mount Isa,AU,-20.7333,139.5,44.37,49,0,3.44,clear sky
621,Hukuntsi,BW,-24.0,21.75,60.28,36,18,8.16,few clouds
622,Phalaborwa,ZA,-23.943,31.1411,64.71,72,49,4.23,moderate rain
623,Chany,RU,55.3121,76.7647,57.7,95,21,9.86,few clouds
624,Eyl,SO,7.9803,49.8164,76.62,79,0,23.91,clear sky
625,Terenos,BR,-20.4422,-54.8603,87.51,25,0,10.36,clear sky
626,Stornoway,GB,58.2093,-6.3865,55.92,78,75,3.44,broken clouds
627,Santa-Maria,FR,41.8762,8.9779,78.55,69,0,2.3,clear sky
628,Morshansk,RU,53.4435,41.8107,54.54,98,66,5.61,broken clouds
629,Le Mans,FR,48.0,0.2,78.73,44,0,6.91,clear sky
630,Stodolishche,RU,54.1859,32.6492,58.01,90,4,10.07,clear sky
631,Amahai,ID,-3.3333,128.9167,75.29,82,79,6.15,broken clouds
632,Teguldet,RU,57.3064,88.1667,56.14,97,70,5.68,broken clouds
633,Redwater,US,33.3582,-94.2544,97.09,29,100,9.22,overcast clouds
634,Kikwit,CD,-5.041,18.8162,80.65,44,51,1.81,broken clouds
635,Wenshang,CN,35.7275,116.4961,73.56,81,24,2.3,few clouds
636,Samarinda,ID,-0.5,117.15,73.06,99,97,0.09,light rain
637,Cap-Aux-Meules,CA,47.3821,-61.8597,67.24,78,6,10.51,clear sky
638,San Bartolome De Tirajana,ES,27.9248,-15.5733,67.32,75,20,29.93,few clouds
639,Badhni Kalan,IN,30.6833,75.2833,78.03,93,100,5.59,overcast clouds
640,Namtsy,RU,62.7161,129.6658,66.13,84,62,3.22,broken clouds
641,Sidney,AU,-33.8679,151.2073,58.28,88,75,14.97,broken clouds
642,Bikaner,IN,28.0167,73.3,90.0,57,100,17.96,overcast clouds
643,Haines Junction,CA,60.7522,-137.5108,52.43,71,100,6.6,overcast clouds
644,Lingao,CN,19.9103,109.6859,78.82,85,4,9.75,clear sky
645,Telgte,DE,51.9833,7.7833,67.21,89,75,6.91,broken clouds
646,Virginia Beach,US,36.8529,-75.978,93.0,69,75,14.97,broken clouds
647,Kamwenge,UG,0.1866,30.4539,70.72,50,100,1.63,overcast clouds
648,Nicoya,CR,10.1483,-85.452,82.78,74,100,1.68,overcast clouds
649,Makakilo City,US,21.3469,-158.0858,80.92,62,75,16.11,broken clouds
650,Qiongshan,CN,20.0058,110.3542,79.56,87,1,7.34,clear sky
651,Lerwick,GB,60.1545,-1.1494,51.8,81,0,10.49,clear sky
652,Greenville,US,35.6127,-77.3663,91.56,70,100,16.11,overcast clouds
653,Garowe,SO,8.4054,48.4845,80.8,44,44,22.68,scattered clouds
654,Nome,US,64.5011,-165.4064,46.47,87,100,13.8,overcast clouds
655,Saint-Francois,FR,46.4154,3.9054,74.64,53,0,2.3,clear sky
656,Los Algarrobos,PA,8.5,-82.4333,82.81,79,40,11.5,scattered clouds
657,Esso,RU,55.9333,158.7,63.27,81,10,5.64,clear sky
658,Foz,ES,43.5692,-7.2544,65.91,96,100,7.76,overcast clouds
659,Shiraoi,JP,42.55,141.35,66.38,92,72,4.9,broken clouds
660,Lengshuitan,CN,26.4111,111.5956,78.31,87,35,4.99,scattered clouds
661,Kaka,TM,37.3482,59.6143,92.52,10,0,8.14,clear sky
662,Belozerskoye,RU,55.8214,65.5842,57.81,96,66,10.31,broken clouds
663,Dridu,RO,44.7,26.45,81.18,24,0,7.65,clear sky
664,Kandrian,PG,-6.2167,149.55,75.9,89,61,4.63,broken clouds
665,Pangkalanbuun,ID,-2.6833,111.6167,73.17,99,99,2.13,overcast clouds
666,Santo Estevao,BR,-12.4303,-39.2514,71.47,78,51,8.95,broken clouds
667,Plettenberg Bay,ZA,-34.0527,23.3716,54.66,81,23,5.44,few clouds
668,Chimore,BO,-16.9833,-65.1333,86.81,42,69,5.03,broken clouds
669,Chizhou,CN,30.6578,117.4831,78.08,93,42,2.26,scattered clouds
670,Louis Trichardt,ZA,-23.0439,29.9032,56.61,82,30,3.31,scattered clouds
671,Tezu,IN,27.9167,96.1667,76.24,96,100,2.75,light rain
672,Changping,CN,40.2186,116.2197,74.84,68,98,1.61,overcast clouds
673,Bestobe,KZ,52.4994,73.0975,64.87,65,0,11.21,clear sky
674,Hokitika,NZ,-42.7167,170.9667,39.92,72,0,8.25,clear sky
675,Camacha,PT,33.0833,-16.3333,69.22,68,40,17.27,scattered clouds
676,Santiago De Cao,PE,-7.9589,-79.2392,62.73,77,100,11.5,fog
677,Muroto,JP,33.2833,134.15,79.29,88,17,11.5,few clouds
678,Alyangula,AU,-13.8483,136.4192,67.15,68,89,12.66,overcast clouds
679,Myitkyina,MM,25.3833,97.4,75.94,96,96,2.04,overcast clouds
680,Seddon,AU,-37.8068,144.8916,48.15,87,0,3.44,clear sky
681,Kristiinankaupunki,FI,62.2743,21.376,65.68,77,100,11.12,overcast clouds
682,Nador,MA,35.174,-2.9287,79.05,83,0,3.44,clear sky
683,Kartuzy,PL,54.3342,18.1974,76.86,69,0,9.22,clear sky
684,Songea,TZ,-10.6833,35.65,57.38,79,15,1.01,few clouds
685,Gayeri,BF,12.6497,0.4931,81.84,63,98,6.71,light rain
686,Iralaya,HN,15.0,-83.2333,84.0,71,16,9.46,few clouds
687,Lhokseumawe,ID,5.1801,97.1507,77.23,89,100,6.62,light rain
688,Goure,NE,13.9835,10.2704,86.02,48,55,4.03,broken clouds
689,Henties Bay,NA,-22.116,14.2845,58.84,69,0,6.06,clear sky
690,Mount Pleasant,US,32.7941,-79.8626,91.18,77,75,13.8,broken clouds
691,Aktash,RU,50.3,87.7333,40.32,90,99,5.48,overcast clouds
692,Ximei,CN,24.9639,118.3794,79.32,89,4,1.61,clear sky
693,Senador Jose Porfirio,BR,-2.5908,-51.9542,82.71,67,92,2.68,overcast clouds
694,Tefe,BR,-3.3542,-64.7114,82.51,83,40,3.44,scattered clouds
695,Belmonte,BR,-15.8631,-38.8828,72.25,86,79,7.99,broken clouds
696,Ofunato,JP,39.0717,141.7167,71.02,95,100,0.29,light rain
697,Dosso,NE,13.049,3.1937,83.97,59,45,4.56,scattered clouds
698,Sarh,TD,9.1429,18.3923,75.6,81,94,3.15,overcast clouds
699,Zaraza,VE,9.3503,-65.3245,85.48,65,87,3.18,overcast clouds
700,Changji,CN,44.0167,87.3167,77.79,29,0,11.18,clear sky
701,Benjamin Hill,MX,30.1667,-111.1,93.65,31,46,3.29,scattered clouds
702,Sabaudia,IT,41.3003,13.0282,82.2,89,14,10.0,few clouds
703,Havre,FR,49.5833,0.3333,69.21,68,0,6.91,clear sky
704,Nisia Floresta,BR,-6.0911,-35.2086,77.81,87,100,8.68,overcast clouds
705,Badnawar,IN,23.0167,75.2167,75.63,89,100,10.83,overcast clouds
706,Caravelas,BR,-17.7125,-39.2481,72.9,77,2,5.73,clear sky
707,Meuselwitz,DE,51.05,12.3,74.86,54,40,1.14,scattered clouds
708,Pouebo,NC,-20.4,164.5667,74.19,89,75,11.14,broken clouds
709,Saint-Pierre,RE,-21.3393,55.4781,65.88,76,0,6.91,clear sky
710,Yulara,AU,-25.2406,130.9889,48.67,41,0,7.83,clear sky
711,Kralendijk,BQ,12.15,-68.2667,87.78,70,40,18.41,scattered clouds
712,Oudtshoorn,ZA,-33.5907,22.2014,52.2,55,24,2.57,few clouds
713,Hamilton,US,39.1834,-84.5333,91.76,50,40,9.22,scattered clouds
714,San Miguel,SV,13.4833,-88.1833,93.67,42,91,3.29,overcast clouds
715,Yendi,GH,9.4427,-0.0099,77.92,64,37,1.12,scattered clouds
716,Melfort,CA,52.8667,-104.6177,73.2,48,12,18.99,few clouds
717,Puerto Escondido,MX,15.85,-97.0667,86.88,69,100,8.97,overcast clouds
718,Sidi Ali,DZ,36.0998,0.4206,77.76,69,0,8.34,clear sky
719,Sirjan,IR,29.452,55.6814,82.56,16,0,7.47,clear sky
720,Kawai,JP,34.2333,135.85,70.48,97,66,3.58,broken clouds
721,Emerald,AU,-23.5333,148.1667,51.75,96,22,8.55,few clouds
722,Nagycserkesz,HU,47.9667,21.5333,73.67,35,3,8.88,clear sky
723,Tobol,KZ,52.6844,62.5794,61.5,61,5,7.05,clear sky
724,Vestmannaeyjar,IS,63.4427,-20.2734,51.49,97,100,6.15,overcast clouds
725,Spanish Fork,US,40.115,-111.6549,96.78,22,0,5.75,clear sky
726,Kemijarvi,FI,66.7131,27.4306,65.71,67,93,5.17,light rain
